5-Minute Crafts,Amazing Kid’s Room Makeover || Guide For Parents
5-Minute Crafts,INCREDIBLE ROOM MAKEOVER IDEAS || Low-Budget Decor Crafts
5-Minute Crafts,POP IT! 23 Cool Parenting Life Hacks For New Moms And Dads
5-Minute Crafts,How To Peel & Cut Banana 🍌🍌🍌 How to Peel And Slice Fruits And Vegetables 🍊
5-Minute Crafts,Creative Ways To Cut And Peel Fruits And Vegetables
5-Minute Crafts,BEST HACKS TO KEEP YOUR FEET NICE || Comfortable Shoes DIY Ideas
5-Minute Crafts,How to Peel And Cut Fruits And Vegetables 🍎🥝🥦
5-Minute Crafts,AWESOME SCHOOL & OFFICE HACKS || Cool DIYs and Art Hacks
5-Minute Crafts,How To Peel Fruits And Vegetables In Seconds🥦🍍🍅
5-Minute Crafts,How To Peel And Slice Fruits And Vegetables Like A Pro 😎
5-Minute Crafts,SUMMER PARENTING HACKS || Easy Summer Snacks for Your Kids
5-Minute Crafts,GENIUS HACKS FOR SMART PET OWNERS
5-Minute Crafts,100+ HACKS TO MAKE PARENTING FUN & EASY
5-Minute Crafts,New Funny Fidgets 🌟 🌀 Satisfying Crafts And DIY's You Can Easily Make At Home For A Little Budget
5-Minute Crafts,How To Easy Peel And Cut Fruits And Vegetables
Dude Perfect,Dude Perfect Goes to SPACE
Dude Perfect,Longest Dunk Wins
Dude Perfect,Airplane Stereotypes
Dude Perfect,Dude Perfect vs. Luka Doncic (1-on-1)
Dude Perfect,Game Night Stereotypes
Dude Perfect,Model Rocket Battle 3 | Dude Perfect
Dude Perfect,New Parent Stereotypes
Dude Perfect,Neighborhood Stereotypes
Dude Perfect,World's Strongest Dude
Dude Perfect,Dude Perfect's $100 Million Theme Park
Dude Perfect,Thanksgiving Stereotypes
Dude Perfect,Snow Sniper Airsoft Battle
Dude Perfect,Unpredictable Trick Shots 2
Dude Perfect,The Tesla Coil Electricity Gun! | OT 43
Dude Perfect,Treasure Hunting Battle: Crystals
Michelle Khare,I Tried 911 Dispatch
Michelle Khare,I Tried Paramedic Academy
Michelle Khare,I Tried Secret Service Academy
Michelle Khare,I Climbed An 85ft Cliff With Only 1 Week of Training
Michelle Khare,I Tried Professional Paintball
Michelle Khare,I Tried SWAT Academy
Michelle Khare,I Tried Houdini's Deadliest Trick
Michelle Khare,I Tried Etiquette School
Michelle Khare,I Tried Butler Academy
Michelle Khare,My Friends Try My Home Workout Routine
Michelle Khare,I Tried Flight Attendant Academy
Michelle Khare,I Trained Like An Olympic Boxer
Michelle Khare,I Tried CSI Academy
Michelle Khare,I Joined The #1 Cheer Team In America
Michelle Khare,I Tried The Navy SEAL Fitness Test
MrBeast,"$456,000 Squid Game In Real Life!"
MrBeast,I Spent 50 Hours Buried Alive
MrBeast,"1,000 Blind People See For The First Time"
MrBeast,I Built Willy Wonka's Chocolate Factory!
MrBeast,"Ages 1 - 100 Fight For $500,000"
MrBeast,"$1 vs $500,000 Plane Ticket!"
MrBeast,"100 Kids Vs 100 Adults For $500,000"
MrBeast,I Survived 50 Hours In Antarctica
MrBeast,Hydraulic Press Vs Lamborghini
MrBeast,"$1 vs $1,000,000,000 Yacht!"
MrBeast,"Last To Leave Circle Wins $500,000"
MrBeast,7 Days Stranded At Sea
MrBeast,"Last To Take Hand Off Jet, Keeps It!"
MrBeast,I Paid A Real Assassin To Try To Kill Me
MrBeast,"I Gave My 100,000,000th Subscriber An Island"
Peter Hollens,Epic English Anime Medley
Peter Hollens,This is Halloween
Peter Hollens,Best Christmas Song of 2023??
Peter Hollens,Unbelievable Harmonies: Peter Hollens & Tim Foust Transform 'You've Got a Friend'
Peter Hollens,The 12 Days of Christmas but it's CHAOS
Peter Hollens,Aragorn’s Coronation - Lord of the Rings - Elvish Version EXTENDED
Peter Hollens,DISNEY: Battle - All Characters SING feat. @brianhullsvoice
Peter Hollens,Epic Nickelodeon Medley - Peter Hollens feat. Brizzy Voices
Peter Hollens,"Take Me Home, Country Roads | Peter Hollens feat. Adam Chance of Home Free"
Peter Hollens,Joni Mitchell's Timeless Classic (Vertical Video)
Peter Hollens,Star Wars Prequel Trilogy Medley ft The Warp Zone
Peter Hollens,Lord of The Rings - Aragorn and Arwen's Love Story
Peter Hollens,Down To The River To Pray Hymn
Peter Hollens,Blackbird - Peter Hollens feat. Tim Foust
Peter Hollens,Unleashing Your Imagination: Willy Wonka's 'Pure Imagination' with @TheHoundTheFox (Vertical Video)
PrestonGamez,I Played Roblox Rainbow Friends... (FULL GAME)
PrestonGamez,I Played Roblox DOORS...
PrestonGamez,I Played Poppy Playtime Chapter 3 (FULL GAME)
PrestonGamez,DONT WATCH SKIBIDI TOILETS! (ALL SEASONS)
PrestonGamez,Return of Titan Drillman! (Skibidi Multiverse)
PrestonGamez,Playing as Barry in BARRY'S PRISON RUN in ROBLOX
PrestonGamez,DON’T WATCH SKIBIDI MULTIVERSE (NEW EPISODES)
PrestonGamez,I Found EVERY DOPPLEGANGER (That’s Not My Neighbor)
PrestonGamez,I Played Garten of Banban 6 (FULL GAME)
PrestonGamez,I Played Rainbow Friends Chapter 2... (FULL GAME)
PrestonGamez,I Played FUNNY Fan Made Content
PrestonGamez,I Played Garten of Banban 2... (FULL GAME)
PrestonGamez,I Played Garten of Banban Chapter 4 (FULL GAME)
PrestonGamez,DON'T WATCH SKIBIDI TOILETS (NEW SEASONS)
PrestonGamez,I played Buckshot Roulette
Rebecca Zamolo,BIRTH TO DEATH IN REAL LIFE - Rebecca Zamolo
Rebecca Zamolo,We Lost Our Baby and I Am Not Pregnant Anymore - Rebecca Zamolo
Rebecca Zamolo,Daughter Walks for First Time *emotional*
Rebecca Zamolo,Surviving Every Netflix Show in 24 Hours
Rebecca Zamolo,Meeting Our Baby Girl For the First Time (Live Birth)
Rebecca Zamolo,I Adopted Wednesday Addams
Rebecca Zamolo,Daughters First Time Getting Ears Pierced
Rebecca Zamolo,My Daughter Goes Swimming For First Time (Emotional)
Rebecca Zamolo,GIANT CARNIVAL PARTY IN REAL LIFE - Rebecca Zamolo
Rebecca Zamolo,Wednesday Addams Controls My Life For 24 Hours
Rebecca Zamolo,SURVIVING 24 HOURS in a Giant Princess Movie - Rebecca Zamolo
Rebecca Zamolo,Surviving Every Movie Decade with Daughter
Rebecca Zamolo,Birth To Death Of A Cheerleader In Real Life
Rebecca Zamolo,How to WIN a DATE! Nerd Vs Popular Girl Challenge to Reveal Rebecca's Secret
Rebecca Zamolo,Surviving 24 HOLIDAYS in 24 HOURS | Rebecca Zamolo
Steven He,How Asian Parents Flex
Steven He,Asian Parents going through your room
Steven He,Asian Parents Going Through Your Room 2
Steven He,Asian Parents Going Through Your Room 3
Steven He,Why Ghosts Don't Haunt Asians
Steven He,"When ""Asian"" is a Difficulty Mode: EMOTIONAL DAMAGE"
Steven He,If Squid Game Was ACTUALLY Asian
Steven He,*Gets 1 Subscriber
Steven He,Asian Parent Punishments: Emotional Damage
Steven He,If Santa Was ASIAN
Steven He,When Asians fail Math
Steven He,How Asian Parents Flex 2
Steven He,"When ""Asian"" Is a Difficulty Mode"
Steven He,"When ""Asian"" Is a Difficulty Mode 3"
Steven He,How I'll Explain Covid to my kids
SystemZee,I tested them in Minecraft early and so should you...
SystemZee,I coded Enderman differently in Minecraft...
SystemZee,Minecraft Live: Vote For The Poacher?
SystemZee,I Made Villagers Build Their Own Village
SystemZee,I coded Your Ideas in Minecraft...
SystemZee,I Made Villagers Build Their Own Village
SystemZee,I Unleashed the Multiverse in Minecraft...
SystemZee,If villagers lived in caves...
SystemZee,I coded Pillagers differently in Minecraft...
SystemZee,Minecraft Live: Vote For The Enderlate?
SystemZee,I coded Your Ideas in Minecraft...
SystemZee,I coded Your Ideas into Minecraft...
SystemZee,I coded Your Ideas in Minecraft...
SystemZee,I Made Minecraft Oceans Terrifying...
SystemZee,The cave update is looking better than ever...
Filmcore,EVOLUTION of GODZILLA'S ATOMIC BREATH: Comparison (1954-2021)
Filmcore,EVOLUTION of KING KONG: Size Comparison (1933-2024)
Filmcore,I added ACCURATE DINOSAURS into the JURASSIC PARK Franchise!
Filmcore,Can I REMAKE the BEST GODZILLA Animation in 30 DAYS?
Filmcore,MONSTERS of GODZILLA VS KONG: Size Comparison (2021)
Filmcore,CARNIVORES of JURASSIC PARK | JURASSIC WORLD: Size Comparison (1993-2018)
Filmcore,"GODZILLA vs KIRYU, GHIDORAH, MEGALON and GIGAN"
Filmcore,EVOLUTION of T-REX in MOVIES & TV: Size Comparison (1918-2022)
Filmcore,EVOLUTION of MECHAGODZILLA: GODZILLA Size Comparison (1974-2021)
